,Jeskai Midrange,Jund Pyromancer,WURG Omnath,Rakdos Midrange,Death and Taxes,Boros Death and Taxes,Pattern Rector,Temur Control,WURG Seeker Walk,Naya Pod,Lotusless Breach Storm,Humans and Taxes,Boros Tokens,Dimir High Tide,5C Superfriends,Sultai Midrange,Jeskai Vault,Mono Black Aggro,Blue Moon,Esper Time Vault,Mono Blue Control,Flash Oath,Jund Initiative,DoomsDragon,Eggs,Naya Winota,WUBG Midrange,Abzan Lands,Zombies,Medium Red,Esper Control,Simic Merfolk,Czech Midrange,4C Pod,Azorius Control,Lotus Breach Storm,Grixis Welder,Esper Thoracle,Esper Initiative,Bant Enchantress,4C Welder,Unknown,Jeskai Control,Sultai Doomsday,Naya Initiative,Red Deck Bins,5C Seeker Walk,Bant Midrange,Dead Guy Dragons,Jeskai Welder,Grixis Thoracle,Rakdos Pyromancer,Jund Goblins,Grixis Tinker Reanimator,UBRG Thoracle,Death and Goblins,Red Deck Wins,WBRG Initiative,Black Mold,Temur Midrange,Temur Moon,Dimir Ninjas,Gruul Cradlehoof,Selesnya Legends,Gruul Aggro,Sultai Thoracle,WURG Lands Midrange,Grixis Tempo Doomsday,Esper Doomsday,Aluren,Yawgmoth's Jacuzzi,WURG Initiative,Abzan Midrange,Rakdos Goblins,Jeskai Breach,Paradox Academy,Academy Prison,Jund Aristocrats,Grixis Reanimator,Boros Equipment,Orzhov Tokens,The Rock,4C Winota,4C Initiative,Mardu Dead Guy Ale,4C Artifacts,WURG Tempo,Flash Hulk,WBRG Aristocrats,Atraxa and Taxes,Grixis Midrange,Esper Dreadnaught Prison,Abzan Aristocrats,Orzhov Control,5C Lands Combo,Grixis Tempo,Medium Green,WUBG Seeker Initiative,Azorius Breach,WUBG Oath Control,Gruul Ramp
Jeskai Midrange,,0.67,0.60,1.00,0.50,1.00,0.67,,0.50,1.00,1.00,0.75,,,0.67,0.50,0.60,1.00,1.00,,1.00,,,,,0.75,0.00,,,1.00,,,1.00,,,,,,,,,,1.00,1.00,0.80,,,1.00,,0.00,0.50,1.00,,,,1.00,1.00,0.00,,,,1.00,1.00,1.00,,,,,,1.00,1.00,,,1.00,,,,0.00,1.00,,0.00,,,,,,,,,0.00,0.00,0.00,,,,,,,,1.00,
Jund Pyromancer,0.33,,,,1.00,,,,,,1.00,,,,0.00,,,,,,1.00,,1.00,,,,,,,,,,,,,,,,,,,,,,1.00,,,,,,,,,,,,,,,,,,,,,,,,,,,,,,,,,,,,,,,,,,,,,1.00,,1.00,,,,,,1.00,,,
WURG Omnath,0.40,,,0.00,1.00,1.00,,,0.50,1.00,,0.00,1.00,,1.00,,0.00,,,,,,,,,1.00,,,,0.00,,1.00,0.00,,,,1.00,,,,,,0.00,,,,,,,,0.00,,,1.00,,,0.00,0.00,,,,1.00,,,,1.00,,,,,,,,,,1.00,,,,1.00,,,,,,,,,1.00,,,,,,,,,,,,
Rakdos Midrange,0.00,,1.00,,1.00,,,,0.00,1.00,,,,,1.00,,,,,,,,,,,,,,,,,,,,1.00,,,,,,,,,,,,,,,,0.00,,,,,,0.00,,,,0.00,,1.00,,,,1.00,,,,,,,,,,,,0.00,,,,,,,1.00,,,,,,,,,,,,,,,
Death and Taxes,0.50,0.00,0.00,0.00,,,1.00,,0.50,,0.00,0.00,,,0.50,,,,,,0.00,,,,,,,,,,,,,,1.00,0.00,,,,,,,0.00,1.00,,,,,,,,,,0.00,,,1.00,,,,,,,,1.00,,0.00,,,,,,,0.00,,,,,,0.00,,,1.00,,,0.00,,,,,,,,,,,,,,,
Boros Death and Taxes,0.00,,0.00,,,,1.00,,,,1.00,,,,1.00,,0.00,,,,,,1.00,,,,,,,,,,,,,0.75,,,,0.00,,,,0.00,,,,,,,0.50,,,1.00,,,,,,,,,1.00,,,,,,,,,,,,,,,,,,,,,,,,,,,,,,,,,,,,,,
Pattern Rector,0.33,,,,0.00,0.00,,,1.00,,0.00,,1.00,,0.00,,,,1.00,,,,,,,0.00,,,,,,,,,,,,,,,,,,,,,,,,,,,,,,,,,,,,,,,,,,,,,,,,,,,,,,,,,,,,,,,,,,,,,,,,,,,
Temur Control,,,,,,,,,,0.00,,1.00,,1.00,,,,,,,,,,,,,,,,,,,,,,,,,,,,,,,,,,,,,,,,,,,,,,,,,,,,,,,,,,,,,,,,,,,,,,,,,,,,,,,,,,,,,,,
WURG Seeker Walk,0.50,,0.50,1.00,0.50,,0.00,,,,0.00,,,0.33,0.50,,,0.00,,,0.00,,,,,,0.67,1.00,,,,,,,,,,0.00,,,,,,,,,,,,,0.00,,,,,,,0.00,,,,,,,,,,,0.00,,,,1.00,,0.00,,,,,,,,,,,,,,,,,,,1.00,,,,,,,
Naya Pod,0.00,,0.00,0.00,,,,1.00,,,,,,,,,,,,,,1.00,,,,,,,,,,,,,,,,,,,,,,,,,,,,,,,,,,1.00,,,,,,,,,0.00,,,,,,,,,,,,,,,,,,,,,,,,,,1.00,1.00,,,1.00,,,,,,
Lotusless Breach Storm,0.00,0.00,,,1.00,0.00,1.00,,1.00,,,,,1.00,,0.00,,,,0.00,,,1.00,,,0.00,,,,,,,,,,0.00,,,,1.00,,,0.00,,0.00,1.00,,,,1.00,,,1.00,,,,,,,,0.00,,,,,,,,,,,,,,,,,,,,,,,,,,,,,,,,,,,,,,,,
Humans and Taxes,0.25,,1.00,,1.00,,,0.00,,,,,,,1.00,,1.00,,,,,,,,,0.00,1.00,,,,,,1.00,,,,,,,,1.00,,,,,,,,,,0.00,,,,,,0.00,,0.00,,,,1.00,,1.00,,,,,,,,0.50,,,,,,1.00,,,,,,,,,,,,0.00,,,,,,,,,,
Boros Tokens,,,0.00,,,,0.00,,,,,,,,1.00,,,,,,,,,,,,,,,,,,,,,,,,,,,,,,,,,,,,,,,,,,,,,,,,,,,,,,,,,,,,,,,,,,,,,,,,,,,,,,,,,,,,,,
Dimir High Tide,,,,,,,,0.00,0.33,,0.00,,,,,,,,,,,,,,,,,,,,,,,,,,,,,,,,,,,,,,,,,,,,,,,,,,,,,,,,,,,,,,,,,,,,,,,,,,,,,,,,,,,,,,,,,,
5C Superfriends,0.33,1.00,0.00,0.00,0.50,0.00,1.00,,0.50,,,0.00,0.00,,,1.00,0.00,1.00,,,,0.00,,,,0.00,1.00,0.00,1.00,,,,,0.00,0.00,1.00,1.00,0.00,,,,,0.00,,0.75,0.00,,,,,,,,,1.00,,0.50,,,,1.00,,,,0.33,,,,,,0.00,,1.00,,1.00,,,,,1.00,1.00,,,,,1.00,,,,0.00,1.00,,,,,,,,,,
Sultai Midrange,0.50,,,,,,,,,,1.00,,,,0.00,,1.00,,,,,,,,,,,,,,,,,0.00,,,,,,,0.00,,,,,,,,,,,,,,,,,,,,,,,,,,,,,,,,,,,,,,,,,,,,,,,,,,,,,,,,,0.00,,,1.00
Jeskai Vault,0.40,,1.00,,,1.00,,,,,,0.00,,,1.00,0.00,,,,1.00,1.00,,0.00,0.00,,1.00,,,,,1.00,0.00,,,,1.00,,,,,,,,0.00,,,,,1.00,,,,,0.00,0.00,,,,,,,,,,,,,,,,,,,,,,,,,,,,,,,,,,,,,,,,,,,,,,
Mono Black Aggro,0.00,,,,,,,,1.00,,,,,,0.00,,,,,1.00,,,,,,,,,,,,,,,,,,,,,,,,,,,,,,,1.00,,,,,,,,,1.00,,,,,,,,,,,,,,,,,,,,,,,,,,,,,,,,,,,,,,,,,
Blue Moon,0.00,,,,,,0.00,,,,,,,,,,,,,,,,,,,,,,,0.00,,,,,0.00,,,,,,1.00,,,,,,,,,,,,,,,,,,,,,,,,,,,,,,,,,,,,,,,,,,,,,,,,,,,,,,,,,,,,
Esper Time Vault,,,,,,,,,,,1.00,,,,,,0.00,0.00,,,,,,,,,,,,,,,,,,,,,,,,,,,,,,,,,,,,,,,,,,,,,,,,,,,,,,,,,,,,,,,,,,,,,,,,,,,,,,,,,,,
Mono Blue Control,0.00,0.00,,,1.00,,,,1.00,,,,,,,,0.00,,,,,,,,,,,,,,,,,,,,,,,,,,,,0.00,,,,,,,,,,,,,,,,,,,,,,,,,,,,,,,,,1.00,,,,,,,,,,,,,,,,,,,,,,,
Flash Oath,,,,,,,,,,0.00,,,,,1.00,,,,,,,,1.00,,1.00,,1.00,1.00,,,1.00,,,,,0.00,,,,,,,,,,,,,,,,,,,0.00,,,1.00,,,,,,1.00,,,,,,,,,,,,,,,,,,,,,,,,,,,,,,,,,,,,,
Jund Initiative,,0.00,,,,0.00,,,,,0.00,,,,,,1.00,,,,,0.00,,1.00,,1.00,0.00,,1.00,,,,,,0.00,,0.00,,,,,1.00,,,,,0.00,,,,,,1.00,,,,,,,,0.00,,,,,,,,,,,,,,,,,,,,,,,,,,,,,,,,,,,,,,,1.00,
DoomsDragon,,,,,,,,,,,,,,,,,1.00,,,,,,0.00,,,1.00,,,,,,,,,,,,,,,,,,,,,,,,,,,,,,,,,,,,,,,,,,,,,,,,,,,,,,,,,,,,,,,,,,,,,,,,,,,
Eggs,,,,,,,,,,,,,,,,,,,,,,0.00,,,,,,,,1.00,,1.00,,,,,,,,,,,,,,,,,,,,,,,,,,,,,,,,,,,,,,,,,,,,,,,,,,,,,,,,,,,,,,,,,,,,,
Naya Winota,0.25,,0.00,,,,1.00,,,,1.00,1.00,,,1.00,,0.00,,,,,,0.00,0.00,,,,,,1.00,,,,1.00,,,,,,,,,0.00,1.00,1.00,,0.00,,,,1.00,1.00,,,,,,,,,,,1.00,,,,,,,,,,,,,,,,0.50,,,1.00,,,,,,,,,,,,,,,,,,,
WUBG Midrange,1.00,,,,,,,,0.17,,,0.00,,,0.00,,,,,,,0.00,1.00,,,,,,,,,1.00,,,,,,,,,,1.00,0.00,,,,,,,1.00,,,,,,,,,,,,,,,,,,,,,,,,,,,,,,,,,,,,,,,,,,,,,,,,,,,
Abzan Lands,,,,,,,,,0.00,,,,,,1.00,,,,,,,0.00,,,,,,,,,,,,,,,,,,,,,,,,,,,,,,,,,,,,,,,,,,,,,,,,,,,,,,,,,,,,,,,,,,,,,,,,,,,,,,,
Zombies,,,,,,,,,,,,,,,0.00,,,,,,,,0.00,,,,,,,,1.00,,,,,,,,,,,,,,,,,,,,,,,,,,,,,,,,,,,,,,,,,,,,,,,,,,,,,,,,,,,,,,,,,,,,,,
Medium Red,0.00,,1.00,,,,,,,,,,,,,,,,1.00,,,,,,0.00,0.00,,,,,,,,,,,,1.00,,,,,,,,,1.00,,,,,,,,,,,,,,,,,,,,,,,,,,,,,,,,,,,,,,,,,,,,,,,,,,,,,,
Esper Control,,,,,,,,,,,,,,,,,0.00,,,,,0.00,,,,,,,0.00,,,,,,,,,,,,,,,,,,,,,,,,,,,,,,,,,,,,,,,,,,,,,,,,,,,,,,,,,,,,,,,,,,,,,,,,
Simic Merfolk,,,0.00,,,,,,,,,,,,,,1.00,,,,,,,,0.00,,0.00,,,,,,,,,,,,1.00,,,,,,,,,,,0.00,,,,,,,,,,,0.00,,,,,,,,,,,,,,,,,,,,,,,,,,,,,,,,,,,,,,,,
Czech Midrange,0.00,,1.00,,,,,,,,,0.00,,,,,,,,,,,,,,,,,,,,,,,,,,1.00,1.00,,,,,0.00,,,,,,,,,,,,,,,,,,,,0.00,,,,,,,,,,,,,,,,,,,,,,,,,,,,,,,,,,,,,
4C Pod,,,,,,,,,,,,,,,1.00,1.00,,,,,,,,,,0.00,,,,,,,,,,,,,,,,,,,,,,,,,,,,,,,,,,,,,,,,,,,,,,,,,,,,,,,,,,,,,,,,,,,,,,,,,,,
Azorius Control,,,,0.00,0.00,,,,,,,,,,1.00,,,,1.00,,,,1.00,,,,,,,,,,,,,,,,,,,,,,,,,,,0.00,,,,,,,0.00,,,,0.00,,,,0.00,,,,,,,,,,,,,,,,,,,,,,,,,,,,,,,,,,,,
Lotus Breach Storm,,,,,1.00,0.25,,,,,1.00,,,,0.00,,0.00,,,,,1.00,,,,,,,,,,,,,,,,,,1.00,,,,,0.00,,,,,,0.00,,,,,,0.50,,0.00,,0.00,,,0.00,,,,,,,,,,1.00,,,,,,,,,,,,,,,,,,,,,,,,,,,
Grixis Welder,,,0.00,,,,,,,,,,,,0.00,,,,,,,,1.00,,,,,,,,,,,,,,,0.50,,,,,0.00,,,,,,,,,,,,,,1.00,,,,,,,,,,,,,,,,0.00,,,,,,,1.00,,,,,,,0.00,0.00,,,,,,,,,,,,,
Esper Thoracle,,,,,,,,,1.00,,,,,,1.00,,,,,,,,,,,,,,,0.00,,,0.00,,,,0.50,,,,,,0.00,,,,,1.00,,1.00,,,,,,,,,,,,,,,0.00,,,,,,,,,,,,,,,,,,,,,,,,,0.33,,,,,,,,,,,
Esper Initiative,,,,,,,,,,,,,,,,,,,,,,,,,,,,,,,,0.00,0.00,,,,,,,,,1.00,0.00,,,,,,,,,,,,,,,,,,0.00,,,,,,,,,,,,,,,,,,0.00,0.00,,,,,,,,,,,,,,,,,,,,,0.00
Bant Enchantress,,,,,,1.00,,,,,0.00,,,,,,,,,,,,,,,,,,,,,,,,,0.00,,,,,,,,,,,,,,,,,,,,,,,,,,,,,,,,,,,,,,,,,,,,,,,,,,,,,,,,,,,,,,,,,
4C Welder,,,,,,,,,,,,0.00,,,,1.00,,,0.00,,,,,,,,,,,,,,,,,,,,,,,,,,,,,,,,,,,,,,,,,,,,,,,,,,,,,,,,,,,,,,,,,,,,,,,,,,,,,,,,,,
Unknown,,,,,,,,,,,,,,,,,,,,,,,0.00,,,,0.00,,,,,,,,,,,,0.00,,,,,,,0.00,,,,,,,,,,,,,,,,,,,,,,,,,,,,,,,,,,,,,,,,,,,,,,,,,,,,,,,
Jeskai Control,0.00,,1.00,,1.00,,,,,,1.00,,,,1.00,,,,,,,,,,,1.00,1.00,,,,,,,,,,1.00,1.00,1.00,,,,,,0.50,,,,,,1.00,,,,,,1.00,,0.00,,,1.00,,0.00,,,,,,,,,1.00,,,,,,,,,,,0.00,,,0.00,,,,,,,,,,,,,,
Sultai Doomsday,0.00,,,,0.00,1.00,,,,,,,,,,,1.00,,,,,,,,,0.00,,,,,,,1.00,,,,,,,,,,,,,,,,1.00,,,,,,,,,,,,,,0.00,1.00,,,,,,,,,1.00,,,0.00,,,,,,,,,,,,,,,,,,,,,1.00,,,,
Naya Initiative,0.20,0.00,,,,,,,,,1.00,,,,0.25,,,,,,1.00,,,,,0.00,,,,,,,,,,1.00,,,,,,,0.50,,,,,,1.00,,1.00,,,,,,0.00,,,0.00,1.00,,1.00,,,,,,,,,,,,,,1.00,,1.00,1.00,,,,,,,,,,,,,,,,,1.00,,,,
Red Deck Bins,,,,,,,,,,,0.00,,,,1.00,,,,,,,,,,,,,,,,,,,,,,,,,,,1.00,,,,,,,,,,,,,,,,,,,,,,,,,,,,,,,,,,,,,,,,,,,,,,,,,,,,,,,,,,,
5C Seeker Walk,,,,,,,,,,,,,,,,,,,,,,,1.00,,,1.00,,,,0.00,,,,,,,,,,,,,,,,,,,,,,,,,,,,,,,,,,,,,,,,,,,,,,,,,,,,,,,,,,,,,,,,,,,,,,,
Bant Midrange,0.00,,,,,,,,,,,,,,,,,,,,,,,,,,,,,,,,,,,,,0.00,,,,,,,,,,,,1.00,,,,,,,,,,,,,,,,,,,,,,,,,,,,,,,,,,,,,,,,,,,,,,,,,,,
Dead Guy Dragons,,,,,,,,,,,,,,,,,0.00,,,,,,,,,,,,,,,,,,,,,,,,,,,0.00,0.00,,,,,,,,,,,,,,,,,,,,,,,,,,,,,,,,,,,,,,,,,,,,,,,,,,,,,,,,
Jeskai Welder,1.00,,,,,,,,,,0.00,,,,,,,,,,,,,,,,0.00,,,,,1.00,,,1.00,,,0.00,,,,,,,,,,0.00,,,0.00,,,,,,0.00,,,,,,,,,,,,,,1.00,,,,,,,,0.33,,,,,,,,,,,,,,,,,,,,,,
Grixis Thoracle,0.50,,1.00,1.00,,0.50,,,1.00,,,1.00,,,,,,0.00,,,,,,,,0.00,,,,,,,,,,1.00,,,,,,,0.00,,0.00,,,,,1.00,,,,,,,1.00,,0.00,,,,,,0.00,,1.00,,1.00,,,,,,,,,,0.00,,,,,,1.00,,,,,,,,,,,,,,,,
Rakdos Pyromancer,0.00,,,,,,,,,,,,,,,,,,,,,,,,,0.00,,,,,,,,,,,,,,,,,,,,,,,,,,,1.00,,,,,,,,,,,,,,,,,,,,,,,,,,,,,,,,,,,,,,,,,,,,,,,,
Jund Goblins,,,,,,,,,,,0.00,,,,,,,,,,,,0.00,,,,,,,,,,,,,,,,,,,,,,,,,,,,,0.00,,,,,0.00,,,,,,0.00,1.00,,,,,,,,,,,,,,,,,,,,,,,,,,,,,,,,,,,,,
Grixis Tinker Reanimator,,,0.00,,1.00,0.00,,,,,,,,,,,1.00,,,,,,,,,,,,,,,,,,,,,,,,,,,,,,,,,,,,,,,,0.00,,,,,,,,,0.00,,,,,,,,,,,,,,,,,,,,,,,,,,,,,,,,,,,
UBRG Thoracle,,,,,,,,,,,,,,,0.00,,1.00,,,,,1.00,,,,,,,,,,,,,,,,,,,,,,,,,,,,,,,,,,0.00,,,,,,,,,0.00,,,,,,,,,,,,,,1.00,,,,,,,,,,,1.00,,,1.00,1.00,,,,,,,
Death and Goblins,0.00,,,,,,,,,0.00,,,,,,,,,,,,,,,,,,,,,,,,,,,,,,,,,,,,,,,,,,,,,1.00,,,,,,,,,,,,,,,,,,,,,,,,,,,,,,,,,,,,,,,,,,,,,,
Red Deck Wins,0.00,,1.00,1.00,0.00,,,,,,,1.00,,,0.50,,,,,,,,,,,,,,,,,,,,1.00,0.50,0.00,,,,,,0.00,,1.00,,,,,1.00,0.00,,1.00,1.00,,,,,1.00,,1.00,,1.00,1.00,0.00,,1.00,1.00,,0.00,,,,,,,,,,,,1.00,,1.00,,,,,,,,1.00,,,,,,,,,
WBRG Initiative,1.00,,1.00,,,,,,1.00,,,,,,,,,,,,,0.00,,,,,,,,,,,,,,,,,,,,,,,,,,,,,,,,,,,,,1.00,,,1.00,,,0.00,,,,,,,,,,,,,,,,,,,,,,,,,,,,,,,,,,,,
Black Mold,,,,,,,,,,,,1.00,,,,,,,,,,,,,,,,,,,,,,,,1.00,,,,,,,1.00,,,,,,,,1.00,,,,,,0.00,0.00,,,,,,,0.00,,,,,,,,,,1.00,,,,,,,,,,,,,,,,,,,,,,,,,,
Temur Midrange,,,,,,,,,,,,,,,,,,0.00,,,,,,,,,,,,,,,,,,,,,,,,,,,1.00,,,,,,,,,,,,,,,,,,,,,,,,,,,,,,,,,,,,,,,,,,,,,,,,,,,,,,,,
Temur Moon,,,,1.00,,,,,,,1.00,,,,0.00,,,,,,,,1.00,,,,,,,,,1.00,,,1.00,1.00,,,1.00,,,,,,0.00,,,,,,,,,,,,0.00,,,,,0.00,,,,,1.00,1.00,,,,,,,,,,,,,,,,,,,0.00,0.50,1.00,,,,,,,,,0.00,1.00,,
Dimir Ninjas,0.00,,0.00,,,,,,,,,,,,,,,,,,,,,,,,,,,,,,,,,,,,,,,,0.00,,,,,,,,,,,,,,,0.00,,,1.00,,,,,,,,,,,,,,,,,,,,,,,,,,,,,,,,,,,,,,,,1.00
Gruul Cradlehoof,0.00,,,0.00,,0.00,,,,,,0.00,,,,,,,,,,,,,,0.00,,,,,,,,,,,,,,,,,,1.00,0.00,,,,,,,,1.00,,,,0.00,,,,,,,,0.00,,,,,,,,,,1.00,,,,,,,,,,,,,,,,,1.00,,1.00,,,,,,,
Selesnya Legends,0.00,,,,,,,,,,,,,,,,,,,,,0.00,,,,,,,,,,,1.00,,,1.00,,,,,,,1.00,0.00,,,,,,,,,0.00,,,,0.00,,,,,,,,,,,,,,,,,,,,0.00,,,,,,,,,,,,,,,,,,,,,,,,
Gruul Aggro,,,,,0.00,,,,,1.00,,0.00,,,0.67,,,,,,,,,,,,,,,,,,,,1.00,,,1.00,,,,,,,,,,,,,1.00,,,,1.00,,1.00,1.00,1.00,,,,1.00,,,,1.00,,,0.00,,0.00,0.00,,,,0.00,,,,,,,,,,0.00,,,,0.00,0.00,0.00,,1.00,,,,,,
Sultai Thoracle,,,0.00,,,,,,,,,,,,,,,,,,,,,,,,,,,,,,,,,,,,,,,,,,,,,,,,,,,1.00,,,,,,,,,,,,,,,1.00,,,,,,,,,,,,,,,,,,,,,,,,,,,,,,,,
WURG Lands Midrange,,,,0.00,1.00,,,,,,,,,,,,,,,,,,,,,,,,,,,,,,,,,,,,,,,,,,,,,,0.00,,,,,,0.00,,,,0.00,,,,0.00,,,,,,,,,,,,,,,,,,,,,,,,,,,,,,,,,,,,
Grixis Tempo Doomsday,,,,,,,,,,,,,,,,,,,,,,,,,,,,,,,,,,,,,,,,,,,,,,,,,,,,,,,,,0.00,,,,0.00,,,,,,,,,,,,,,,,,,,,,,,,,,,,,,,,,,,,,,,,
Esper Doomsday,,,,,,,,,1.00,,,,,,,,,,,,,,,,,,,,,,,,,,,,,,,,,,,,,,,,,,0.00,,,,,,,,,,,,,,,0.00,,,,,,,,,,,,,,,,,,,,,,,,,,,,,,,,,,,
Aluren,0.00,,,,,,,,,,,,,,,,,,,,,,,,,,,,,,,,,,,,,,,,,,,,,,,,,,,,,,,,1.00,,,,,,,,1.00,,,,,,0.00,1.00,,,,,,,,,,,,,,,,,,,,,,,,,,,,,
Yawgmoth's Jacuzzi,0.00,,,,,,,,,,,,,,1.00,,,,,,,,,,,,,,,,,,,,,,,,,,,,,,,,,,,0.00,,,,,,,,,,,,,,,,,,,,1.00,,,1.00,,,,,,,,,,,,,,,,,,,,,,,,,,,,
WURG Initiative,,,,,,,,,,,,,,,,,,,,,,,,,,,,,,,,,,,,,,,,,,,,,,,,,,,,,,,,,,,,,,,,,1.00,,,,,0.00,,,,1.00,,,,,,,,,,,,,,,,,,,,,,,,,,,
Abzan Midrange,,,,,,,,,0.00,,,0.50,,,0.00,,,,,,,,,,,,,,,,,,,,,,1.00,,,,,,0.00,0.00,,,,,,,,,,,,,,,,,,,,,1.00,,,,,,0.00,,,0.00,,,,0.00,,,,,,,,,,,,,,0.33,,,,,,,,1.00,
Rakdos Goblins,0.00,,,,1.00,,,,,,,,,,,,,,,,,,,,,,,,,,,,,,,0.00,,,,,,,,,,,,,,,,,,,,,,,,,,,,,,,,,,,,0.00,1.00,,,,,,,,,,,,,,,,,,,,,,,,,,,,
Jeskai Breach,,,,,,,,,1.00,,,,,,0.00,,,,,,,,,,,,,,,,,,,,,,,,,,,,,,,,,,,,,,,,,,,,0.00,,,,0.00,,,,,,,,,,,,,0.00,,,,,,,,,,,,,,,,,,,,,,,,,
Paradox Academy,,,0.00,,,,,,,,,,,,,,,,,,,,,,,,,,,,,,,,,,,,,,,,,1.00,,,,,,,,,,,,,,,,,,,,,,,,,,,,,,,1.00,,,,,,,,,,,,,,,,,,,,,,,,,,
Academy Prison,,,,,,,,,,,,,,,,,,,,,,,,,,,,,,,,,,,,,,,,,,,,,0.00,,,,,,,,,,,,,,,,,,,1.00,1.00,,,,,,,,,,,,,,,,,,,,,,,,,,,,,,,,,,,,
Jund Aristocrats,1.00,,,,,,,,,,,,,,,,,,,,0.00,,,,,,,,,,,,,,,,,,,,,,,,,,,,,,,,,,,,,,,,,,,,,,,,,,,,1.00,,,,,,,,,,,,,,,,,,,,,,,,,,,,
Grixis Reanimator,0.00,,,1.00,,,,,,,,0.00,,,,,,,,,,,,,,0.50,,,,,,,,,,,,,1.00,,,,,,0.00,,,,,0.33,1.00,,,,0.00,,,,,,,,,,,,,,,,,,,,,,,,,,,,1.00,,,,,,,,,,,,,0.00,,,0.00,0.33,
Boros Equipment,,,0.00,,1.00,,,,,,,,,,0.00,,,,,,,,,,,,,,,,,,,,,,0.00,,1.00,,,,,,0.00,,,,,,,,,,,,,,,,,,,,,,,,,,,,,,,,,,,,1.00,,,,,,,,,,0.00,,,,,,,,,,
Orzhov Tokens,1.00,,,,,,,,,,,,,,0.00,,,,,,,,,,,,,,,,,,,,,,,,,,,,,,,,,,,,,,,,,,,,,,,,,,,,,,,,,,,,,,,,,0.00,,,,,,,,,,,,,,,,,,,,,
The Rock,,,,,,,,,,,,,,,,,,,,,,,,,,0.00,,,,,,,,,,,,,,,,,,,,,,,,,,,,,,,0.00,,,,,,,,,,,,,,,,,,,,,,,,,,1.00,,,,,,,,,,,,,,,,,,
4C Winota,,,,,0.00,,,,,,,,,,,,,,,,,,,,,,,,,,,,,,,,,,,,,,,,,,,,,,,,,,,,,,,,,,,,,,,,,,,,,,,,,,0.00,,,0.00,,,,,,,,,,,,,,,,,,,
4C Initiative,,,,,,,,,,,,,,,,,,,,,,,,,,,,,,,,,,,,,,,,,,,1.00,,,,,,,,,,,,,,0.00,,,,,,,,,,,,,,,,,,,,,,,,,,,,1.00,,,,,,,,,,,,,,,,
Mardu Dead Guy Ale,,,,,,,,,,,,,,,,,,,,,,,,,,,,,,,,,,,,,,,,,,,,,,,,,,,0.00,,,,,,,,,,,,,,,,,,,,,,,,,,,,,,,,,0.00,,,,,,,,,,,,,,,,,
4C Artifacts,,,,0.00,1.00,,,,,,,,,,0.00,,,,,,,,,,,,,,,,,,,,,,,,,,,,,,,,,,,,,,,,,,,,,,,,,,,,,,,,,,,,,,,,,,,,,,,,,,,,,,,,,,,,,,
WURG Tempo,,,,,,,,,,,,,,,,,,,,,,,,,,,,,,,,,,,,,1.00,,,,,,1.00,,,,,,,,,,,,,,,,,,1.00,,,,1.00,,,,,,,,,,,,,,,,,,,,,,,,,,,,,,,,,,,,
Flash Hulk,,,,,,,,,,,,,,,,,,,,,,,,,,,,,,,,,,,,,1.00,,,,,,,,,,,,,,,,,,,,,,,,0.50,,,,,,,,,,,,,,,,,,,,,,,,,,,,,,,,,,,,,,,,
WBRG Aristocrats,,,0.00,,,,,,,,,,,,,,,,,,,,,,,,,,,,,,,,,,,,,,,,,,,,,,,,,,,,,,,,,,0.00,,,,,,,,,,,,,,,,,,,,,,,,,,,,,,,,,,,,,,,,
Atraxa and Taxes,1.00,0.00,,,,,,,,,,,,,1.00,,,,,,,,,,,,,,,,,,,,,,,0.33,,,,,,,,,,,,,,,,,0.00,,,,,,,,,,,,,,,,,,,,,,,,,,,,,,,,,,,,,,1.00,,,,,,,,
Grixis Midrange,1.00,,,,,,,,,0.00,,1.00,,,0.00,,,,,,,,,,,,,,,,,,,,,,,,,,,,,,,,,,,,,,,,,,,,,,,,,,1.00,,,,,,,,,,,,,,,1.00,,,,,,,,,,,,,,,,,,,,,
Esper Dreadnaught Prison,1.00,0.00,,,,,,,,0.00,,,,,,,,,,,,,,,,,,,,,,,,,,,,,,,,,,,,,,,,,,,,,,,0.00,,,,,,0.00,,1.00,,,,,,,,0.33,,,,,,,,,,,,,,,,,,,,,,,,1.00,,,0.00,
Abzan Aristocrats,,,,,,,,,,,,,,,,,,,,,,,,,,,,,,,,,,,,,,,,,,,,,,,,,,,,,,,0.00,,,,,,,,,,1.00,,,,,,,,,,,,,,,,,,,,,,,,,0.00,,,,,,,,,,,
Orzhov Control,,,,,,,,,0.00,,,,,,,,,,,,,,,,,,,,,,,,,,,,,,,,,,,,,,,,,,,,,,0.00,,,,,,,,0.00,,,,,,,,,,,,,,,,,,,,,,,,,,,,,,,,,,,,,,
5C Lands Combo,,,,,,,,,,0.00,,,,,,,,,,,,,,,,,,,,,,,,,,,,,,,,,,,,,,,,,,,,,,,,,,,,,,,0.00,,,,,,,,,,,,,,,,,,,,,,,,,,,,,,,,,,,,
Grixis Tempo,,,,,,,,,,,,,,,,,,,,,,,,,,,,,,,,,,,,,,,,,,,,,,,,,,,,,,,,,,,,,,,,,,,,,,,,,,,,,,,1.00,,,,,,,,,,,,,,,,,,,,,,
Medium Green,,,,,,,,,,,,,,,,,,,,,,,,,,,,,,,,,,,,,,,,,,,,0.00,0.00,,,,,,,,,,,,,,,,,,,,,,,,,,,,,,,,,,,,,,,,,,,,,,,0.00,,,,,,,,,
WUBG Seeker Initiative,,0.00,,,,,,,,,,,,,,1.00,,,,,,,,,,,,,,,,,,,,,,,,,,,,,,,,,,,,,,,,,,,,,1.00,,,,,,,,,,,,,,,,,,,,,,,,,,,,,,,,,,,,,,,,
Azorius Breach,,,,,,,,,,,,,,,,,,,,,,,,,,,,,,,,,,,,,,,,,,,,,,,,,,,,,,,,,,,,,0.00,,,,,,,,,,,,,,,,,,1.00,,,,,,,,,,,,,,,,,,,,,0.33,
WUBG Oath Control,0.00,,,,,,,,,,,,,,,,,,,,,,0.00,,,,,,,,,,,,,,,,,,,,,,,,,,,,,,,,,,,,,,,,,,,,,,,,,,0.00,,,,,,0.33,,,,,,,,,,,,,1.00,,,,,,,0.33,,
Gruul Ramp,,,,,,,,,,,,,,,,0.00,,,,,,,,,,,,,,,,,,,,,,,1.00,,,,,,,,,,,,,,,,,,,,,,,0.00,,,,,,,,,,,,,,,,,,,,,,,,,,,,,,,,,,,,,,,